Series Name,Series Code,Country Name,Country Code,1990 [YR1990],2000 [YR2000],2014 [YR2014],2015 [YR2015],2016 [YR2016],2017 [YR2017],2018 [YR2018],2019 [YR2019],2020 [YR2020],2021 [YR2021],2022 [YR2022],2023 [YR2023]
"Population, total",SP.POP.TOTL,World,WLD,5293498452,6144444748,7317304568,7404251118,7490956237,7577110140,7661177849,7742724795,7821271846,7888963821,7951595433,8024997028
"Population, total",SP.POP.TOTL,Brazil,BRA,150706446,175873720,203459650,205188205,206859578,208504960,210166592,211782878,213196304,214326223,215313498,216422446
"Population, total",SP.POP.TOTL,United States,USA,249623000,282162411,318386329,320738994,323071755,325122128,326838199,328329953,331526933,332048977,333271411,334914895
,,,,,,,,,,,,,,,
,,,,,,,,,,,,,,,
,,,,,,,,,,,,,,,
Data from database: World Development Indicators,,,,,,,,,,,,,,,
Last Updated: 09/19/2024,,,,,,,,,,,,,,,
Code,License Type,Indicator Name,Long definition,Source,Topic,Periodicity,Aggregation method,Statistical concept and methodology,Development relevance,Limitations and exceptions,General comments,License URL
SP.POP.TOTL,CC BY-4.0,"Population, total","Total population is based on the de facto definition of population, which counts all residents regardless of legal status or citizenship. The values shown are midyear estimates.",(1) United Nations Population Division. World Population Prospects: 2022 Revision; (2) Statistical databases and publications from national statistical offices; (3) Eurostat: Demographic Statistics; (4) United Nations Statistics Division. Population and Vital Statistics Reprot (various years).,Health: Population: Structure,Annual,Sum,"Population estimates are usually based on national population censuses, and estimates of fertility, mortality and migration.

Errors and undercounting in census occur even in high-income countries.  In developing countries errors may be substantial because of limits in the transport, communications, and other resources required to conduct and analyze a full census.

The quality and reliability of official demographic data are also affected by public trust in the government, government commitment to full and accurate enumeration, confidentiality and protection against misuse of census data, and census agencies' independence from political influence. Moreover, comparability of population indicators is limited by differences in the concepts, definitions, collection procedures, and estimation methods used by national statistical agencies and other organizations that collect the data.

The currentness of a census and the availability of complementary data from surveys or registration systems are objective ways to judge demographic data quality. Some European countries' registration systems offer complete information on population in the absence of a census.

The United Nations Statistics Division monitors the completeness of vital registration systems. Some developing countries have made progress over the last 60 years, but others still have deficiencies in civil registration systems.

International migration is the only other factor besides birth and death rates that directly determines a country's population change. Estimating migration is difficult. At any time many people are located outside their home country as tourists, workers, or refugees or for other reasons. Standards for the duration and purpose of international moves that qualify as migration vary, and estimates require information on flows into and out of countries that is difficult to collect.

Population projections, starting from a base year are projected forward using assumptions of mortality, fertility, and migration by age and sex through 2050, based on the UN Population Division's World Population Prospects database medium variant.","Increases in human population, whether as a result of immigration or more births than deaths, can impact natural resources and social infrastructure.  This can place pressure on a country's sustainability.  A significant growth in population will negatively impact the availability of land for agricultural production, and will aggravate demand for food, energy, water, social services, and infrastructure. On the other hand, decreasing population size - a result of fewer births than deaths, and people moving out of a country - can impact a government's commitment to maintain services and infrastructure.","Current population estimates for developing countries that lack (i) reliable recent census data, and (ii) pre- and post-census estimates for countries with census data, are provided by the United Nations Population Division and other agencies. 

The cohort component method - a standard method for estimating and projecting population - requires fertility, mortality, and net migration data, often collected from sample surveys, which can be small or limited in coverage. Population estimates are from demographic modeling and so are susceptible to biases and errors from shortcomings in both the model and the data.

Because future trends cannot be known with certainty, population projections have a wide range of uncertainty.",Relevance to gender indicator: disaggregating the population composition by gender will help a country in projecting its demand for social services on a gender basis.,https://datacatalog.worldbank.org/public-licenses#cc-by
